framework,action_category,energy_action
Nightwatch,refresh,0.30017686224489765
Nightwatch,refresh,0.222698290816327
Nightwatch,refresh,0.2169384693877541
Nightwatch,refresh,0.21928007653061202
Nightwatch,refresh,0.2231920408163267
Nightwatch,refresh,0.22428186224489766
Nightwatch,refresh,0.2312441836734692
Nightwatch,refresh,0.22392525510204056
Nightwatch,refresh,0.22231596938775483
Nightwatch,refresh,0.22319043367346955
Nightwatch,refresh,0.24765454081632673
Nightwatch,refresh,0.21963846938775486
Nightwatch,refresh,0.22606436224489776
Nightwatch,refresh,0.224082755102041
Nightwatch,refresh,0.22838971938774952
Nightwatch,refresh,0.22211757653060757
Nightwatch,refresh,0.22196061224489755
Nightwatch,refresh,0.21999614795918332
Nightwatch,refresh,0.21944007653060774
Nightwatch,refresh,0.22015418367346484
Nightwatch,refresh,0.2292595408163216
Nightwatch,refresh,0.2449965051020405
Nightwatch,refresh,0.23158221938775045
Nightwatch,refresh,0.22394686224490207
Nightwatch,refresh,0.22015400510203623
Nightwatch,refresh,0.2230318622448976
Nightwatch,refresh,0.24586668367346443
Nightwatch,refresh,0.22251846938775927
Nightwatch,refresh,0.22571079081632622
Nightwatch,refresh,0.2281888265306075
Nightwatch,refresh,0.2192850765306125
Nightwatch,refresh,0.22874329081632558
Nightwatch,refresh,0.21787739795918815
Nightwatch,refresh,0.22247436224489314
Nightwatch,refresh,0.22501936224490235
Nightwatch,left click,0.2721500306122466
Nightwatch,left click,0.2717227448979611
Nightwatch,left click,0.27057674489796046
Nightwatch,left click,0.27199910204081634
Nightwatch,left click,0.27364053061224464
Nightwatch,left click,0.2697923163265321
Nightwatch,left click,0.2699268163265305
Nightwatch,left click,0.2739271020408162
Nightwatch,left click,0.2698548877551017
Nightwatch,left click,0.2696413163265305
Nightwatch,left click,0.26885524489795903
Nightwatch,left click,0.27556045918367145
Nightwatch,left click,0.2700616020408145
Nightwatch,left click,0.27249160204081485
Nightwatch,left click,0.2747138877551022
Nightwatch,left click,0.2703554591836733
Nightwatch,left click,0.27036388775510356
Nightwatch,left click,0.2727047448979575
Nightwatch,left click,0.26870431632652875
Nightwatch,left click,0.27221417346938787
Nightwatch,left click,0.2721329591836871
Nightwatch,left click,0.2724891734694028
Nightwatch,left click,0.27163195918368865
Nightwatch,left click,0.27314153061224467
Nightwatch,left click,0.27106945918367426
Nightwatch,left click,0.26997924489795955
Nightwatch,left click,0.2712836734693887
Nightwatch,left click,0.2727036734694025
Nightwatch,left click,0.2712941734693718
Nightwatch,left click,0.26914081632653153
Nightwatch,left click,0.26899881632653017
Nightwatch,left click,0.27241845918368746
Nightwatch,left click,0.2691484591836621
Nightwatch,left click,0.2710684591836759
Nightwatch,left click,0.2691340306122568
Nightwatch,right click,0.35823594537814524
Nightwatch,right click,0.3545715336134199
Nightwatch,right click,0.36411653361344226
Nightwatch,right click,0.34102638655462186
Nightwatch,right click,0.35146462184874416
Nightwatch,right click,0.3563235924369697
Nightwatch,right click,0.3713038865546487
Nightwatch,right click,0.36427623949577487
Nightwatch,right click,0.349687710084058
Nightwatch,right click,0.3567475630252329
Nightwatch,right click,0.35749888655461876
Nightwatch,right click,0.3457334453781494
Nightwatch,right click,0.3499974159663858
Nightwatch,right click,0.3581019747898888
Nightwatch,right click,0.3553672689075571
Nightwatch,right click,0.35560035714283267
Nightwatch,right click,0.3461590336134686
Nightwatch,right click,0.34955579831932776
Nightwatch,right click,0.34117668067226375
Nightwatch,right click,0.3611744747899143
Nightwatch,right click,0.3632452100840127
Nightwatch,right click,0.34366829831933604
Nightwatch,right click,0.3605921218487283
Nightwatch,right click,0.35382653361343563
Nightwatch,right click,0.349099768907587
Nightwatch,right click,0.35306859243700167
Nightwatch,right click,0.3516156512605024
Nightwatch,right click,0.354244621848767
Nightwatch,right click,0.34911829831932184
Nightwatch,right click,0.35249447478991996
Nightwatch,right click,0.3488062394958214
Nightwatch,right click,0.3558812394957952
Nightwatch,right click,0.35107329831932577
Nightwatch,right click,0.3551646218487415
Nightwatch,right click,0.34955638655462096
Nightwatch,double click,0.3892158482142855
Nightwatch,double click,0.4068713169642854
Nightwatch,double click,0.4107772544642853
Nightwatch,double click,0.403260691964282
Nightwatch,double click,0.3977895982142814
Nightwatch,double click,0.3904633482142851
Nightwatch,double click,0.40076194196428216
Nightwatch,double click,0.40388412946428154
Nightwatch,double click,0.4066916294642806
Nightwatch,double click,0.40249881696428585
Nightwatch,double click,0.39310834821428275
Nightwatch,double click,0.41764741071428435
Nightwatch,double click,0.4051531919642854
Nightwatch,double click,0.3991977232142817
Nightwatch,double click,0.4010753794642823
Nightwatch,double click,0.4042155357142855
Nightwatch,double click,0.3996853794642857
Nightwatch,double click,0.40530772321428515
Nightwatch,double click,0.40343194196428483
Nightwatch,double click,0.4101556919642861
Nightwatch,double click,0.3899970982142854
Nightwatch,double click,0.39452662946428513
Nightwatch,double click,0.4028350669642906
Nightwatch,double click,0.39481881696428095
Nightwatch,double click,0.3987316294642824
Nightwatch,double click,0.39484053571428546
Nightwatch,double click,0.40328100446428605
Nightwatch,double click,0.40235600446428865
Nightwatch,double click,0.40296366071428513
Nightwatch,double click,0.39233678571428465
Nightwatch,double click,0.40436069196428315
Nightwatch,double click,0.4002885044642812
Nightwatch,double click,0.40593522321428577
Nightwatch,double click,0.4018775669642866
Nightwatch,double click,0.40966991071428255
Nightwatch,checkbox,0.6316627976190473
Nightwatch,checkbox,0.6339282142857087
Nightwatch,checkbox,0.6412442559523803
Nightwatch,checkbox,0.6245530059523753
Nightwatch,checkbox,0.6308265476190468
Nightwatch,checkbox,0.6320759226190467
Nightwatch,checkbox,0.6408207142857123
Nightwatch,checkbox,0.6424961309523808
Nightwatch,checkbox,0.6341619642857139
Nightwatch,checkbox,0.6345807142857144
Nightwatch,checkbox,0.6281207142857139
Nightwatch,checkbox,0.6339811309523861
Nightwatch,checkbox,0.6339509226190466
Nightwatch,checkbox,0.6420817559523812
Nightwatch,checkbox,0.6424725892857093
Nightwatch,checkbox,0.6395780059523803
Nightwatch,checkbox,0.6276832142857097
Nightwatch,checkbox,0.6401752976190414
Nightwatch,checkbox,0.6287438392857134
Nightwatch,checkbox,0.6349942559523805
Nightwatch,checkbox,0.6350213392857194
Nightwatch,checkbox,0.6385407142857145
Nightwatch,checkbox,0.6377311309523861
Nightwatch,checkbox,0.636456130952381
Nightwatch,checkbox,0.6397642559523758
Nightwatch,checkbox,0.6327046726190476
Nightwatch,checkbox,0.6398125892857192
Nightwatch,checkbox,0.6396059226190528
Nightwatch,checkbox,0.6368698809523803
Nightwatch,checkbox,0.6330959226190421
Nightwatch,checkbox,0.6389523809523802
Nightwatch,checkbox,0.6329134226190476
Nightwatch,checkbox,0.6345777976190471
Nightwatch,checkbox,0.6302292559523859
Nightwatch,checkbox,0.63145113095238
Nightwatch,drag & drop,0.7158697619047701
Nightwatch,drag & drop,0.7695593452380912
Nightwatch,drag & drop,0.7766022619047497
Nightwatch,drag & drop,0.7437030952380865
Nightwatch,drag & drop,0.7204230952380974
Nightwatch,drag & drop,0.7437364285714269
Nightwatch,drag & drop,0.753325178571428
Nightwatch,drag & drop,0.7508168452380929
Nightwatch,drag & drop,0.7799768452380914
Nightwatch,drag & drop,0.7633622619047686
Nightwatch,drag & drop,0.760368511904753
Nightwatch,drag & drop,0.7679601785714383
Nightwatch,drag & drop,0.7391560119047607
Nightwatch,drag & drop,0.7716451785714251
Nightwatch,drag & drop,0.7449918452380946
Nightwatch,drag & drop,0.7266072619047509
Nightwatch,drag & drop,0.7554514285714365
Nightwatch,drag & drop,0.7420285119047516
Nightwatch,drag & drop,0.7304110119047618
Nightwatch,drag & drop,0.7766560119047607
Nightwatch,drag & drop,0.7345251785714176
Nightwatch,drag & drop,0.7225355952381035
Nightwatch,drag & drop,0.746667261904763
Nightwatch,drag & drop,0.7782885119047537
Nightwatch,drag & drop,0.7811893452380837
Nightwatch,drag & drop,0.7233222619047605
Nightwatch,drag & drop,0.7732960119047552
Nightwatch,drag & drop,0.7620572619047575
Nightwatch,drag & drop,0.767870595238087
Nightwatch,drag & drop,0.7775180952381
Nightwatch,drag & drop,0.7291197619047532
Nightwatch,drag & drop,0.7695660119047594
Nightwatch,drag & drop,0.7689351785714249
Nightwatch,drag & drop,0.7429001785714262
Nightwatch,drag & drop,0.7320318452380857
Nightwatch,input text,0.6912422619047613
Nightwatch,input text,0.6912964285716376
Nightwatch,input text,0.681658095238093
Nightwatch,input text,0.6703543452378865
Nightwatch,input text,0.6674960119047773
Nightwatch,input text,0.6879018452380689
Nightwatch,input text,0.6699868452380753
Nightwatch,input text,0.6624918452380945
Nightwatch,input text,0.6729089285714295
Nightwatch,input text,0.6812905952382817
Nightwatch,input text,0.6754139285714487
Nightwatch,input text,0.6733230952380865
Nightwatch,input text,0.6745739285714231
Nightwatch,input text,0.6745680952380674
Nightwatch,input text,0.6770772619047691
Nightwatch,input text,0.6829076785714246
Nightwatch,input text,0.6595326785712646
Nightwatch,input text,0.6766568452380882
Nightwatch,input text,0.6770255952379041
Nightwatch,input text,0.6649922619047628
Nightwatch,input text,0.6754601785716264
Nightwatch,input text,0.6836905952378977
Nightwatch,input text,0.6812355952380705
Nightwatch,input text,0.6591964285715736
Nightwatch,input text,0.6770726785714183
Nightwatch,input text,0.6916572619047564
Nightwatch,input text,0.6845735119047548
Nightwatch,input text,0.6645805952381154
Nightwatch,input text,0.6674968452381138
Nightwatch,input text,0.6761897619045611
Nightwatch,input text,0.6845680952380674
Nightwatch,input text,0.6566164285712662
Nightwatch,input text,0.6696193452382643
Nightwatch,input text,0.6845122619045195
Nightwatch,input text,0.6720747619047597
Nightwatch,scroll,0.7604497619049198
Nightwatch,scroll,0.7545801785714469
Nightwatch,scroll,0.7566968452382418
Nightwatch,scroll,0.7207801785712549
Nightwatch,scroll,0.7649835119047291
Nightwatch,scroll,0.7379126785714439
Nightwatch,scroll,0.7333272619047692
Nightwatch,scroll,0.7149943452381041
Nightwatch,scroll,0.7509772619047632
Nightwatch,scroll,0.7441468452380497
Nightwatch,scroll,0.727078511904774
Nightwatch,scroll,0.71957226190475
Nightwatch,scroll,0.7466543452380784
Nightwatch,scroll,0.7083305952381154
Nightwatch,scroll,0.7449914285714261
Nightwatch,scroll,0.7383635119049086
Nightwatch,scroll,0.7396297619049709
Nightwatch,scroll,0.7262443452381041
Nightwatch,scroll,0.7641610119047706
Nightwatch,scroll,0.7470735119047547
Nightwatch,scroll,0.728745595238109
Nightwatch,scroll,0.7312460119047773
Nightwatch,scroll,0.7645726785714184
Nightwatch,scroll,0.7557785119045819
Nightwatch,scroll,0.7428605952379105
Nightwatch,scroll,0.7562476785714504
Nightwatch,scroll,0.7178997619047275
Nightwatch,scroll,0.7545660119047259
Nightwatch,scroll,0.7220805952381153
Nightwatch,scroll,0.7467035119049341
Nightwatch,scroll,0.7653718452379538
Nightwatch,scroll,0.7391568452380882
Nightwatch,scroll,0.7416639285714488
Nightwatch,scroll,0.7504626785716361
Nightwatch,scroll,0.7779372619048716
Playwright,refresh,0.31192818469387745
Playwright,refresh,0.21693889897959182
Playwright,refresh,0.22354247040816314
Playwright,refresh,0.22318407755102032
Playwright,refresh,0.22354372040816314
Playwright,refresh,0.2163796132653065
Playwright,refresh,0.21870479183673502
Playwright,refresh,0.23068532755102034
Playwright,refresh,0.2178501489795912
Playwright,refresh,0.21729836326530594
Playwright,refresh,0.22321050612244833
Playwright,refresh,0.22371550612244906
Playwright,refresh,0.21675907755102028
Playwright,refresh,0.22388068469387795
Playwright,refresh,0.21371514897959817
Playwright,refresh,0.2226713989795864
Playwright,refresh,0.22032836326530608
Playwright,refresh,0.2224687204081639
Playwright,refresh,0.2214005061224488
Playwright,refresh,0.2197913989795921
Playwright,refresh,0.22052961326530038
Playwright,refresh,0.23012657755102625
Playwright,refresh,0.22249014897958713
Playwright,refresh,0.2126481846938779
Playwright,refresh,0.227648898979592
Playwright,refresh,0.21586139897959247
Playwright,refresh,0.21943461326530636
Playwright,refresh,0.22426122040816213
Playwright,refresh,0.21477175612245414
Playwright,refresh,0.22622550612244788
Playwright,refresh,0.2223094346938809
Playwright,refresh,0.22494407755101997
Playwright,refresh,0.21927657755102428
Playwright,refresh,0.22354925612245025
Playwright,refresh,0.2278137204081602
Playwright,left click,0.17127427387755098
Playwright,left click,0.16227548816326554
Playwright,left click,0.1707215595918346
Playwright,left click,0.1614959881632668
Playwright,left click,0.16726541673469209
Playwright,left click,0.17051784530612188
Playwright,left click,0.1642747738775511
Playwright,left click,0.16185377387755262
Playwright,left click,0.16098863102040814
Playwright,left click,0.16391634530612229
Playwright,left click,0.17434384530612204
Playwright,left click,0.16228191673469541
Playwright,left click,0.1606321310204083
Playwright,left click,0.16098784530612226
Playwright,left click,0.1641332024489799
Playwright,left click,0.16298970244897978
Playwright,left click,0.16655941673469374
Playwright,left click,0.17227191673469336
Playwright,left click,0.17213027387755075
Playwright,left click,0.16940934530612084
Playwright,left click,0.16362234530612058
Playwright,left click,0.15969427387754923
Playwright,left click,0.1679081310204063
Playwright,left click,0.1596392738775526
Playwright,left click,0.1609230595918379
Playwright,left click,0.15855798816326488
Playwright,left click,0.1647734881632651
Playwright,left click,0.16242505959183834
Playwright,left click,0.15863284530612273
Playwright,left click,0.16341805959183692
Playwright,left click,0.16113048816326508
Playwright,left click,0.1684809167346923
Playwright,left click,0.16912398816326377
Playwright,left click,0.1595605595918368
Playwright,left click,0.1651957024489781
Playwright,right click,0.1815948285714287
Playwright,right click,0.17571174033613438
Playwright,right click,0.18512188739495758
Playwright,right click,0.17924188739495805
Playwright,right click,0.18289879915966
Playwright,right click,0.18762306386554609
Playwright,right click,0.1761545344537818
Playwright,right click,0.18130262268907607
Playwright,right click,0.17247879915966427
Playwright,right click,0.18337629915966736
Playwright,right click,0.18365012268907502
Playwright,right click,0.18040306386554322
Playwright,right click,0.18085629915966334
Playwright,right click,0.1836715932773147
Playwright,right click,0.17675879915966744
Playwright,right click,0.17645041680672327
Playwright,right click,0.1979189462184876
Playwright,right click,0.18205291680672622
Playwright,right click,0.18499585798319718
Playwright,right click,0.17982879915966365
Playwright,right click,0.1892251226890723
Playwright,right click,0.18703468151260488
Playwright,right click,0.1782085050420161
Playwright,right click,0.17821012268907518
Playwright,right click,0.1820357109243698
Playwright,right click,0.1787851226890726
Playwright,right click,0.18056438739495786
Playwright,right click,0.18585776974789894
Playwright,right click,0.18247776974789942
Playwright,right click,0.19087644621849092
Playwright,right click,0.18381938739496184
Playwright,right click,0.17201968151260183
Playwright,right click,0.17584144621848385
Playwright,right click,0.17866938739496124
Playwright,right click,0.17924262268907587
Playwright,double click,0.19386481785713947
Playwright,double click,0.19670934910714602
Playwright,double click,0.20136341160713916
Playwright,double click,0.20200700535714294
Playwright,double click,0.19186966160714683
Playwright,double click,0.18589575535713943
Playwright,double click,0.1979265366071393
Playwright,double click,0.20059856785714247
Playwright,double click,0.19468138035714663
Playwright,double click,0.19515153660714687
Playwright,double click,0.2015377866071429
Playwright,double click,0.1877702866071393
Playwright,double click,0.19622231785714223
Playwright,double click,0.19573919285713934
Playwright,double click,0.19809778660714236
Playwright,double click,0.1929426303571426
Playwright,double click,0.1995048178571425
Playwright,double click,0.19716341160714293
Playwright,double click,0.2004452866071431
Playwright,double click,0.19216450535714324
Playwright,double click,0.19607122410714325
Playwright,double click,0.18967684910714575
Playwright,double click,0.19216356785714303
Playwright,double click,0.1945066928571429
Playwright,double click,0.19638122410714282
Playwright,double click,0.19591341160714298
Playwright,double click,0.19918638035714017
Playwright,double click,0.19358559910714623
Playwright,double click,0.20292934910713986
Playwright,double click,0.19122403660714263
Playwright,double click,0.19964966160714023
Playwright,double click,0.1985859116071463
Playwright,double click,0.1909148178571433
Playwright,double click,0.19339216160713865
Playwright,double click,0.19481653660714238
Playwright,checkbox,0.3804112154761961
Playwright,checkbox,0.38538663214285773
Playwright,checkbox,0.3812162154761903
Playwright,checkbox,0.3724930904761958
Playwright,checkbox,0.3580643404761848
Playwright,checkbox,0.3835076738095236
Playwright,checkbox,0.3851562154761865
Playwright,checkbox,0.3922849654761958
Playwright,checkbox,0.38415267380952767
Playwright,checkbox,0.39517934047619124
Playwright,checkbox,0.3776693404761893
Playwright,checkbox,0.3692078821428525
Playwright,checkbox,0.3945468404761898
Playwright,checkbox,0.379971007142858
Playwright,checkbox,0.3839255904761905
Playwright,checkbox,0.38538059047618983
Playwright,checkbox,0.38183663214285607
Playwright,checkbox,0.3715291321428555
Playwright,checkbox,0.39183913214285654
Playwright,checkbox,0.38769767380952835
Playwright,checkbox,0.3635082988095237
Playwright,checkbox,0.384110173809519
Playwright,checkbox,0.3897599654761908
Playwright,checkbox,0.37496829880952404
Playwright,checkbox,0.3893462154761913
Playwright,checkbox,0.3991087154761853
Playwright,checkbox,0.368480173809518
Playwright,checkbox,0.3780691321428524
Playwright,checkbox,0.3856155904761953
Playwright,checkbox,0.3931128821428614
Playwright,checkbox,0.3774716321428581
Playwright,checkbox,0.37998913214286156
Playwright,checkbox,0.3614257988095239
Playwright,checkbox,0.3914489238095286
Playwright,checkbox,0.377908923809529
Playwright,drag & drop,0.44410493095238174
Playwright,drag & drop,0.45497868095239
Playwright,drag & drop,0.43738993095237205
Playwright,drag & drop,0.45789868095239067
Playwright,drag & drop,0.46159576428571325
Playwright,drag & drop,0.44243118095238027
Playwright,drag & drop,0.4507728476190486
Playwright,drag & drop,0.4662290976190567
Playwright,drag & drop,0.4545165976190475
Playwright,drag & drop,0.4636761809523792
Playwright,drag & drop,0.448636597619038
Playwright,drag & drop,0.4653478476190471
Playwright,drag & drop,0.457782847619055
Playwright,drag & drop,0.44706076428572317
Playwright,drag & drop,0.43576951428571464
Playwright,drag & drop,0.46195493095236817
Playwright,drag & drop,0.45409909761904726
Playwright,drag & drop,0.4748886809523717
Playwright,drag & drop,0.4507640976190469
Playwright,drag & drop,0.44576159761904655
Playwright,drag & drop,0.4528453476190464
Playwright,drag & drop,0.45034451428571304
Playwright,drag & drop,0.4503474309523803
Playwright,drag & drop,0.42993784761904846
Playwright,drag & drop,0.46242409761904557
Playwright,drag & drop,0.44696493095237005
Playwright,drag & drop,0.45451034761904624
Playwright,drag & drop,0.45285159761904775
Playwright,drag & drop,0.45742201428571183
Playwright,drag & drop,0.4486907642857156
Playwright,drag & drop,0.4657082642857021
Playwright,drag & drop,0.43826784761904763
Playwright,drag & drop,0.4436740976190457
Playwright,drag & drop,0.4557732642857155
Playwright,drag & drop,0.4623886809523718
Playwright,input text,0.4698870142857048
Playwright,input text,0.4753565976190488
Playwright,input text,0.43571118095236966
Playwright,input text,0.4823861809523713
Playwright,input text,0.4841007642857143
Playwright,input text,0.481178264285713
Playwright,input text,0.42993326428571416
Playwright,input text,0.4686836809523808
Playwright,input text,0.4536753476190459
Playwright,input text,0.4270136809523803
Playwright,input text,0.47534909761904726
Playwright,input text,0.4865590976190391
Playwright,input text,0.46826868095238133
Playwright,input text,0.43451159761904645
Playwright,input text,0.5011770142857127
Playwright,input text,0.4495128476190466
Playwright,input text,0.4299420142856841
Playwright,input text,0.47665159761887
Playwright,input text,0.48659368095240224
Playwright,input text,0.4257690976190389
Playwright,input text,0.48076493095238637
Playwright,input text,0.4857720142856954
Playwright,input text,0.4836295142858987
Playwright,input text,0.44456368095221904
Playwright,input text,0.47826076428573416
Playwright,input text,0.47742868095239643
Playwright,input text,0.42743243095238365
Playwright,input text,0.4791011809523765
Playwright,input text,0.4520065976190818
Playwright,input text,0.4845324309523265
Playwright,input text,0.47321826428588015
Playwright,input text,0.42910409761903323
Playwright,input text,0.42993451428570995
Playwright,input text,0.4828478476190546
Playwright,input text,0.4840970142857241
Playwright,scroll,0.4012236809522419
Playwright,scroll,0.4141032642857027
Playwright,scroll,0.41743534761904033
Playwright,scroll,0.4128499309523808
Playwright,scroll,0.41164243095223474
Playwright,scroll,0.42914618095222196
Playwright,scroll,0.39743451428570975
Playwright,scroll,0.41873368095220764
Playwright,scroll,0.4078911809522392
Playwright,scroll,0.4449853476188686
Playwright,scroll,0.41659743095238944
Playwright,scroll,0.43405701428586146
Playwright,scroll,0.42825909761907327
Playwright,scroll,0.40281034761918344
Playwright,scroll,0.4432603476190689
Playwright,scroll,0.421602014285707
Playwright,scroll,0.42785368095236803
Playwright,scroll,0.4041036809523678
Playwright,scroll,0.3982649309523866
Playwright,scroll,0.4533265976188415
Playwright,scroll,0.41576368095239075
Playwright,scroll,0.43207409761884996
Playwright,scroll,0.419933264285714
Playwright,scroll,0.40492868095239654
Playwright,scroll,0.4286778476190661
Playwright,scroll,0.41455701428557534
Playwright,scroll,0.40659659761905886
Playwright,scroll,0.4337353476188686
Playwright,scroll,0.40581118095222757
Playwright,scroll,0.4241003476190459
Playwright,scroll,0.40122826428555963
Playwright,scroll,0.4107703476190346
Playwright,scroll,0.42868368095237935
Playwright,scroll,0.414883680952551
Playwright,scroll,0.41696701428588445
Puppeteer,refresh,0.3572106530612245
Puppeteer,refresh,0.2600749387755101
Puppeteer,refresh,0.27114172448979595
Puppeteer,refresh,0.26810886734693873
Puppeteer,refresh,0.2636436887755102
Puppeteer,refresh,0.26616726020408643
Puppeteer,refresh,0.26417779591836693
Puppeteer,refresh,0.2507613673469336
Puppeteer,refresh,0.2665065459183685
Puppeteer,refresh,0.2654320816326536
Puppeteer,refresh,0.2667829744897997
Puppeteer,refresh,0.27277547448980083
Puppeteer,refresh,0.27471583163265323
Puppeteer,refresh,0.26042440306122344
Puppeteer,refresh,0.26185797448979586
Puppeteer,refresh,0.26312547448979945
Puppeteer,refresh,0.2653083316326493
Puppeteer,refresh,0.2634824387755137
Puppeteer,refresh,0.2713479744898011
Puppeteer,refresh,0.2657801173469374
Puppeteer,refresh,0.26544886734694273
Puppeteer,refresh,0.2606149387755115
Puppeteer,refresh,0.27744690306123077
Puppeteer,refresh,0.26937886734694294
Puppeteer,refresh,0.27524993877550996
Puppeteer,refresh,0.26312761734694273
Puppeteer,refresh,0.2641790459183673
Puppeteer,refresh,0.26183601020407715
Puppeteer,refresh,0.2697149387755101
Puppeteer,refresh,0.2677486887755097
Puppeteer,refresh,0.272750831632653
Puppeteer,refresh,0.2729297602040817
Puppeteer,refresh,0.26474101020408686
Puppeteer,refresh,0.26953654591836723
Puppeteer,refresh,0.2693617244897967
Puppeteer,left click,0.11087590408163056
Puppeteer,left click,0.11424290408163257
Puppeteer,left click,0.10496676122449167
Puppeteer,left click,0.10531426122448968
Puppeteer,left click,0.10639433265306289
Puppeteer,left click,0.10867126122448965
Puppeteer,left click,0.1015289040816326
Puppeteer,left click,0.11167190408163266
Puppeteer,left click,0.10288818979591878
Puppeteer,left click,0.10867154693877544
Puppeteer,left click,0.10609261836734536
Puppeteer,left click,0.10495876122449002
Puppeteer,left click,0.10274418979591857
Puppeteer,left click,0.10123497551020239
Puppeteer,left click,0.10596568979592003
Puppeteer,left click,0.10589440408163435
Puppeteer,left click,0.10824361836734701
Puppeteer,left click,0.10632240408163422
Puppeteer,left click,0.10832283265306292
Puppeteer,left click,0.1080382612244917
Puppeteer,left click,0.10924240408163247
Puppeteer,left click,0.10503811836734879
Puppeteer,left click,0.10560776122449127
Puppeteer,left click,0.10310961836734882
Puppeteer,left click,0.11252947551020419
Puppeteer,left click,0.1058862612244898
Puppeteer,left click,0.10460033265306123
Puppeteer,left click,0.11532326122449155
Puppeteer,left click,0.10444847551020221
Puppeteer,left click,0.10430568979591653
Puppeteer,left click,0.10623340408163065
Puppeteer,left click,0.10608990408163052
Puppeteer,left click,0.10403776122449157
Puppeteer,left click,0.1021718326530612
Puppeteer,left click,0.1020291897959184
Puppeteer,right click,0.10551950840336512
Puppeteer,right click,0.1019889201680708
Puppeteer,right click,0.0965293613445376
Puppeteer,right click,0.10668039075630312
Puppeteer,right click,0.09680568487394574
Puppeteer,right click,0.10004230252100486
Puppeteer,right click,0.10048244957982815
Puppeteer,right click,0.10050171428571444
Puppeteer,right click,0.10388303781512598
Puppeteer,right click,0.08976553781512604
Puppeteer,right click,0.09548318487394596
Puppeteer,right click,0.10169524369748259
Puppeteer,right click,0.09474627310923975
Puppeteer,right click,0.10476450840336111
Puppeteer,right click,0.09726553781512604
Puppeteer,right click,0.10461730252100813
Puppeteer,right click,0.09520700840336138
Puppeteer,right click,0.10151171428571049
Puppeteer,right click,0.09890289075630648
Puppeteer,right click,0.0999130378151261
Puppeteer,right click,0.09915980252100481
Puppeteer,right click,0.09772392016807072
Puppeteer,right click,0.10095936134454134
Puppeteer,right click,0.09697362605042056
Puppeteer,right click,0.10018936134453425
Puppeteer,right click,0.09947186134453789
Puppeteer,right click,0.0994703907563023
Puppeteer,right click,0.10109171428571478
Puppeteer,right click,0.10239480252100475
Puppeteer,right click,0.10592053781512165
Puppeteer,right click,0.10106906722695885
Puppeteer,right click,0.10110686134447616
Puppeteer,right click,0.10255877310924613
Puppeteer,right click,0.10005936134453826
Puppeteer,right click,0.10270097899161576
Puppeteer,double click,0.10021697767857993
Puppeteer,double click,0.1059796339286438
Puppeteer,double click,0.11070619642850968
Puppeteer,double click,0.09490557142857618
Puppeteer,double click,0.1027158839285837
Puppeteer,double click,0.10100057142857188
Puppeteer,double click,0.1099055714285762
Puppeteer,double click,0.09895104017863468
Puppeteer,double click,0.11567463392851463
Puppeteer,double click,0.10567119642862985
Puppeteer,double click,0.10193525892858155
Puppeteer,double click,0.10647041517856815
Puppeteer,double click,0.10254244642864271
Puppeteer,double click,0.1050672901785574
Puppeteer,double click,0.10789400892850856
Puppeteer,double click,0.10473260267863363
Puppeteer,double click,0.10225510267855638
Puppeteer,double click,0.10318525892858157
Puppeteer,double click,0.10896885267857352
Puppeteer,double click,0.1002368214285118
Puppeteer,double click,0.10445604017851022
Puppeteer,double click,0.0991063526786379
Puppeteer,double click,0.10756354017857028
Puppeteer,double click,0.10490697767857135
Puppeteer,double click,0.1019552589285129
Puppeteer,double click,0.09724932142857619
Puppeteer,double click,0.10551072767864433
Puppeteer,double click,0.10691713392864381
Puppeteer,double click,0.10004307142864059
Puppeteer,double click,0.10880885267858639
Puppeteer,double click,0.10209041517858533
Puppeteer,double click,0.10110979017864022
Puppeteer,double click,0.10340729017851251
Puppeteer,double click,0.10048510267850726
Puppeteer,double click,0.08950354017859492
Puppeteer,checkbox,0.08012597023811878
Puppeteer,checkbox,0.07325055357143538
Puppeteer,checkbox,0.08012534523810881
Puppeteer,checkbox,0.08335867857133386
Puppeteer,checkbox,0.08172951190473092
Puppeteer,checkbox,0.08425555357143398
Puppeteer,checkbox,0.08356242857142539
Puppeteer,checkbox,0.0776086785714524
Puppeteer,checkbox,0.08060992857133777
Puppeteer,checkbox,0.08310534523806563
Puppeteer,checkbox,0.07301972023810048
Puppeteer,checkbox,0.07485513690476818
Puppeteer,checkbox,0.0746259702380715
Puppeteer,checkbox,0.07575180357150234
Puppeteer,checkbox,0.07920972023811554
Puppeteer,checkbox,0.07780930357135156
Puppeteer,checkbox,0.07692117857141542
Puppeteer,checkbox,0.0789518035714979
Puppeteer,checkbox,0.07875451190476754
Puppeteer,checkbox,0.07921472023809534
Puppeteer,checkbox,0.0775809702379914
Puppeteer,checkbox,0.07969513690483868
Puppeteer,checkbox,0.08287784523809358
Puppeteer,checkbox,0.07370992857143117
Puppeteer,checkbox,0.07508576190476891
Puppeteer,checkbox,0.07760847023808341
Puppeteer,checkbox,0.07531347023809941
Puppeteer,checkbox,0.08195722023812808
Puppeteer,checkbox,0.08448076190478059
Puppeteer,checkbox,0.08447972023808718
Puppeteer,checkbox,0.08193409523815746
Puppeteer,checkbox,0.08150367857143494
Puppeteer,checkbox,0.08104263690476002
Puppeteer,checkbox,0.07073013690473424
Puppeteer,checkbox,0.0741678452381017
Puppeteer,input text,0.41651235714273815
Puppeteer,input text,0.40454652380961365
Puppeteer,input text,0.41228485714314406
Puppeteer,input text,0.4220231904760816
Puppeteer,input text,0.395836107142911
Puppeteer,input text,0.4086123571427475
Puppeteer,input text,0.4077506904762601
Puppeteer,input text,0.4040898571425539
Puppeteer,input text,0.40265735714309875
Puppeteer,input text,0.4160056904762805
Puppeteer,input text,0.40225235714293134
Puppeteer,input text,0.4021994404760554
Puppeteer,input text,0.4118765238095913
Puppeteer,input text,0.40821110714294323
Puppeteer,input text,0.40820985714290514
Puppeteer,input text,0.4118769404762898
Puppeteer,input text,0.40270819047623624
Puppeteer,input text,0.41737027380922037
Puppeteer,input text,0.4059248571428913
Puppeteer,input text,0.41967402380961244
Puppeteer,input text,0.4058627738097318
Puppeteer,input text,0.4187598571429353
Puppeteer,input text,0.3967498571428805
Puppeteer,input text,0.4169215238096125
Puppeteer,input text,0.388501523809231
Puppeteer,input text,0.4123352738092011
Puppeteer,input text,0.4159948571425812
Puppeteer,input text,0.40678860714317483
Puppeteer,input text,0.41187944047588093
Puppeteer,input text,0.404136940476053
Puppeteer,input text,0.40596402380945074
Puppeteer,input text,0.40633444047650363
Puppeteer,input text,0.40775110714254936
Puppeteer,input text,0.40501152380921124
Puppeteer,input text,0.4197223571427251
Puppeteer,scroll,0.5617977738093675
Puppeteer,scroll,0.5494336071427799
Puppeteer,scroll,0.5819244404761571
Puppeteer,scroll,0.5462115238101348
Puppeteer,scroll,0.5264952738091935
Puppeteer,scroll,0.5823736071427787
Puppeteer,scroll,0.4755361071432319
Puppeteer,scroll,0.6043740238094846
Puppeteer,scroll,0.5200873571432177
Puppeteer,scroll,0.6163386071430046
Puppeteer,scroll,0.5489236071425853
Puppeteer,scroll,0.6291298571424984
Puppeteer,scroll,0.58610610714276
Puppeteer,scroll,0.49579527380956034
Puppeteer,scroll,0.4705831904761944
Puppeteer,scroll,0.4168623571423001
Puppeteer,scroll,0.582827357142806
Puppeteer,scroll,0.5049690238097938
Puppeteer,scroll,0.489283190476166
Puppeteer,scroll,0.584607357142247
Puppeteer,scroll,0.481089440475999
Puppeteer,scroll,0.46046610714262354
Puppeteer,scroll,0.599790690476127
Puppeteer,scroll,0.5869644404766138
Puppeteer,scroll,0.5539144404766171
Puppeteer,scroll,0.4490011071434347
Puppeteer,scroll,0.5145656904767723
Puppeteer,scroll,0.5800894404767655
Puppeteer,scroll,0.5694877738098669
Puppeteer,scroll,0.5195411071429019
Puppeteer,scroll,0.5067127738093805
Puppeteer,scroll,0.49943277380903106
Puppeteer,scroll,0.5905836071429902
Puppeteer,scroll,0.563628190476063
Puppeteer,scroll,0.6507098571432084
Selenium,refresh with clear,0.254195443877551
Selenium,refresh with clear,0.1763583010204077
Selenium,refresh with clear,0.1782806224489801
Selenium,refresh with clear,0.17651472959183653
Selenium,refresh with clear,0.1761656224489801
Selenium,refresh with clear,0.17437383673469387
Selenium,refresh with clear,0.1820497295918393
Selenium,refresh with clear,0.17651919387755097
Selenium,refresh with clear,0.17634312244897948
Selenium,refresh with clear,0.17953133673469437
Selenium,refresh with clear,0.17489115816326575
Selenium,refresh with clear,0.1793775867346938
Selenium,refresh with clear,0.1818738367346939
Selenium,refresh with clear,0.1786411581632657
Selenium,refresh with clear,0.17598401530612304
Selenium,refresh with clear,0.17723115816326532
Selenium,refresh with clear,0.17829937244897895
Selenium,refresh with clear,0.17883812244897956
Selenium,refresh with clear,0.17669562244897966
Selenium,refresh with clear,0.17792526530611835
Selenium,refresh with clear,0.17580544387755162
Selenium,refresh with clear,0.17903972959184142
Selenium,refresh with clear,0.18437330102040805
Selenium,refresh with clear,0.17544151530612165
Selenium,refresh with clear,0.1757847295918331
Selenium,refresh with clear,0.18654026530612725
Selenium,refresh with clear,0.18006740816326108
Selenium,refresh with clear,0.17687419387755104
Selenium,refresh with clear,0.17687294387755084
Selenium,refresh with clear,0.1824340153061274
Selenium,refresh with clear,0.17669151530612168
Selenium,refresh with clear,0.17792347959183227
Selenium,refresh with clear,0.17633830102040818
Selenium,refresh with clear,0.17473008673469367
Selenium,refresh with clear,0.18187276530612223
Selenium,refresh,0.15649312244897473
Selenium,refresh,0.15866008673469395
Selenium,refresh,0.15866008673469395
Selenium,refresh,0.1588645510204135
Selenium,refresh,0.16116062244897975
Selenium,refresh,0.1577672295918368
Selenium,refresh,0.15669758673469433
Selenium,refresh,0.1602438367346892
Selenium,refresh,0.15651633673469378
Selenium,refresh,0.16113883673468962
Selenium,refresh,0.1599066938775504
Selenium,refresh,0.15937383673469385
Selenium,refresh,0.15939651530612703
Selenium,refresh,0.1554459795918368
Selenium,refresh,0.158637765306118
Selenium,refresh,0.1559850867346947
Selenium,refresh,0.16223115816326533
Selenium,refresh,0.15473062244897948
Selenium,refresh,0.15598115816326533
Selenium,refresh,0.1579674081632698
Selenium,refresh,0.16294383673469354
Selenium,refresh,0.16151722959183681
Selenium,refresh,0.1549083010204079
Selenium,refresh,0.1583009795918364
Selenium,refresh,0.15931544387755273
Selenium,refresh,0.15830276530612217
Selenium,refresh,0.1575899081632627
Selenium,refresh,0.15562419387755075
Selenium,refresh,0.15865972959183675
Selenium,refresh,0.1593729438775528
Selenium,refresh,0.15742919387751958
Selenium,refresh,0.15064419387751846
Selenium,refresh,0.16008722959183846
Selenium,refresh,0.15990455102041656
Selenium,refresh,0.16078080102044337
Selenium,left click with clear and no action api,0.2235342489795936
Selenium,left click with clear and no action api,0.2232489632653071
Selenium,left click with clear and no action api,0.22439167755102163
Selenium,left click with clear and no action api,0.22291682040816116
Selenium,left click with clear and no action api,0.2212692489795918
Selenium,left click with clear and no action api,0.2221356061224482
Selenium,left click with clear and no action api,0.22064246326530554
Selenium,left click with clear and no action api,0.22197889183673405
Selenium,left click with clear and no action api,0.22024967755102118
Selenium,left click with clear and no action api,0.222449677551021
Selenium,left click with clear and no action api,0.21899110612245137
Selenium,left click with clear and no action api,0.2226051775510207
Selenium,left click with clear and no action api,0.22339260612244963
Selenium,left click with clear and no action api,0.22072110612244938
Selenium,left click with clear and no action api,0.2200836775510209
Selenium,left click with clear and no action api,0.22102660612244693
Selenium,left click with clear and no action api,0.22229182040816353
Selenium,left click with clear and no action api,0.21922796326530325
Selenium,left click with clear and no action api,0.2211932489795897
Selenium,left click with clear and no action api,0.22135839183673672
Selenium,left click with clear and no action api,0.2182935346938782
Selenium,left click with clear and no action api,0.22094789183673247
Selenium,left click with clear and no action api,0.2185308204081643
Selenium,left click with clear and no action api,0.22017132040816276
Selenium,left click with clear and no action api,0.21984803469387518
Selenium,left click with clear and no action api,0.22213560612244965
Selenium,left click with clear and no action api,0.21946474897959292
Selenium,left click with clear and no action api,0.21992753469387705
Selenium,left click with clear and no action api,0.22058803469387733
Selenium,left click with clear and no action api,0.2215767489795904
Selenium,left click with clear and no action api,0.2221264632653039
Selenium,left click with clear and no action api,0.21608682040816649
Selenium,left click with clear and no action api,0.21875696326530603
Selenium,left click with clear and no action api,0.2211136061224484
Selenium,left click with clear and no action api,0.2218213204081634
Selenium,left click,0.2093281775510174
Selenium,left click,0.21058553469389105
Selenium,left click,0.21381503469387383
Selenium,left click,0.20839289183673243
Selenium,left click,0.2115281775510335
Selenium,left click,0.2123932489795877
Selenium,left click,0.20980682040816026
Selenium,left click,0.21043746326528878
Selenium,left click,0.2094060346938933
Selenium,left click,0.2108911061224596
Selenium,left click,0.20963324897960142
Selenium,left click,0.21066317755103578
Selenium,left click,0.20980889183671764
Selenium,left click,0.2125486775510031
Selenium,left click,0.209642463265322
Selenium,left click,0.2107438204081462
Selenium,left click,0.2118506061224599
Selenium,left click,0.211213820408177
Selenium,left click,0.21074239183671523
Selenium,left click,0.2124721775510343
Selenium,left click,0.2096346061224609
Selenium,left click,0.20996560612243342
Selenium,left click,0.2117634632652871
Selenium,left click,0.21145717755103646
Selenium,left click,0.21057717755103178
Selenium,left click,0.21279453469386225
Selenium,left click,0.21041874897960547
Selenium,left click,0.2098864632652906
Selenium,left click,0.21263753469385965
Selenium,left click,0.21058667755103086
Selenium,left click,0.20955624897960232
Selenium,left click,0.2108996775510021
Selenium,left click,0.20917182040817547
Selenium,left click,0.20956396326528884
Selenium,left click,0.2117851775510014
Selenium,left click with action api,0.3243486775510393
Selenium,left click with action api,0.33810674897960874
Selenium,left click with action api,0.326084963265298
Selenium,left click with action api,0.32828653469388297
Selenium,left click with action api,0.32687117755101686
Selenium,left click with action api,0.3257119632653
Selenium,left click with action api,0.3243361061224484
Selenium,left click with action api,0.3232270346938781
Selenium,left click with action api,0.3275991061224505
Selenium,left click with action api,0.325369391836732
Selenium,left click with action api,0.3222779632653017
Selenium,left click with action api,0.33008474897959333
Selenium,left click with action api,0.3296501775510178
Selenium,left click with action api,0.3314412489795914
Selenium,left click with action api,0.3301627489795915
Selenium,left click with action api,0.3253709632653012
Selenium,left click with action api,0.3244136775510211
Selenium,left click with action api,0.3272508918367341
Selenium,left click with action api,0.33197089183674156
Selenium,left click with action api,0.3249293918367276
Selenium,left click with action api,0.33109753469387226
Selenium,left click with action api,0.32562710612244267
Selenium,left click with action api,0.3200563918367309
Selenium,left click with action api,0.33007896326529973
Selenium,left click with action api,0.32467924897960554
Selenium,left click with action api,0.32775667755104293
Selenium,left click with action api,0.3281926775510213
Selenium,left click with action api,0.3310223918367396
Selenium,left click with action api,0.3235645346938745
Selenium,left click with action api,0.3358202489795966
Selenium,left click with action api,0.32972924897959
Selenium,left click with action api,0.32819446326530155
Selenium,left click with action api,0.3275937489795876
Selenium,left click with action api,0.32690596326530713
Selenium,left click with action api,0.32819396326530587
Selenium,right click,0.3075584537815273
Selenium,right click,0.30651830672268404
Selenium,right click,0.28650007142857925
Selenium,right click,0.2924233067226972
Selenium,right click,0.3042581596638692
Selenium,right click,0.28516051260505404
Selenium,right click,0.2958837478991617
Selenium,right click,0.28783771848740136
Selenium,right click,0.29776521848739135
Selenium,right click,0.29011889495798937
Selenium,right click,0.29279551260500186
Selenium,right click,0.29873345378151256
Selenium,right click,0.2790466890756047
Selenium,right click,0.2973980126050503
Selenium,right click,0.2897349243697609
Selenium,right click,0.2962621302521008
Selenium,right click,0.28956021848740876
Selenium,right click,0.29740904201682106
Selenium,right click,0.3042599243697771
Selenium,right click,0.2956758067226498
Selenium,right click,0.29452948319328276
Selenium,right click,0.3048652184874041
Selenium,right click,0.3004687478991724
Selenium,right click,0.3008533067227106
Selenium,right click,0.29508624789911164
Selenium,right click,0.2933858067226996
Selenium,right click,0.2949111008402936
Selenium,right click,0.29626139495799586
Selenium,right click,0.3023662478991727
Selenium,right click,0.29760374789916544
Selenium,right click,0.2998675714285799
Selenium,right click,0.28707580672270605
Selenium,right click,0.29051477731093256
Selenium,right click,0.28286713025211746
Selenium,right click,0.3073519831932762
Selenium,double click,0.3466386696428529
Selenium,double click,0.3501130446428491
Selenium,double click,0.3367013258928572
Selenium,double click,0.34320429464288654
Selenium,double click,0.3434041383928653
Selenium,double click,0.3393271071427833
Selenium,double click,0.3395725758928726
Selenium,double click,0.33487648214286225
Selenium,double click,0.34604945089286077
Selenium,double click,0.3423721071428011
Selenium,double click,0.338106794642886
Selenium,double click,0.33121788839286215
Selenium,double click,0.33793507589280614
Selenium,double click,0.34218741964283633
Selenium,double click,0.32532773214281324
Selenium,double click,0.3487007008928018
Selenium,double click,0.33060866964284996
Selenium,double click,0.3425938258928537
Selenium,double click,0.3302149196428835
Selenium,double click,0.32634257589280347
Selenium,double click,0.34015257589283837
Selenium,double click,0.34564210714285
Selenium,double click,0.3269505446428642
Selenium,double click,0.3454361696428706
Selenium,double click,0.3452158571428053
Selenium,double click,0.3415846071428601
Selenium,double click,0.33061179464281654
Selenium,double click,0.33812413839286165
Selenium,double click,0.3285602321428681
Selenium,double click,0.32635882589287607
Selenium,double click,0.33060866964293417
Selenium,double click,0.34584163839284005
Selenium,double click,0.33528335714287927
Selenium,double click,0.3464549196428689
Selenium,double click,0.3480608571427891
Selenium,checkbox,0.3086648928571522
Selenium,checkbox,0.3178305178571665
Selenium,checkbox,0.3005215595239092
Selenium,checkbox,0.2948384345239345
Selenium,checkbox,0.30891655952373076
Selenium,checkbox,0.3051273928570925
Selenium,checkbox,0.31622697619056644
Selenium,checkbox,0.3029380178571733
Selenium,checkbox,0.3159386428572244
Selenium,checkbox,0.30379197619050397
Selenium,checkbox,0.3151465595238086
Selenium,checkbox,0.3083796845239117
Selenium,checkbox,0.315955726190487
Selenium,checkbox,0.2940167678570853
Selenium,checkbox,0.30810447619040177
Selenium,checkbox,0.3146007261905565
Selenium,checkbox,0.31187093452373466
Selenium,checkbox,0.31430760119039597
Selenium,checkbox,0.3089338511905609
Selenium,checkbox,0.30512343452389706
Selenium,checkbox,0.30675280952391143
Selenium,checkbox,0.2986298928570982
Selenium,checkbox,0.2983548928570588
Selenium,checkbox,0.31703780952380284
Selenium,checkbox,0.309999476190421
Selenium,checkbox,0.29833405952382586
Selenium,checkbox,0.3105369761905548
Selenium,checkbox,0.3143111428571869
Selenium,checkbox,0.321107601190505
Selenium,checkbox,0.3178569761904742
Selenium,checkbox,0.31593843452380993
Selenium,checkbox,0.2972492678571602
Selenium,checkbox,0.3151634345237248
Selenium,checkbox,0.29726426785722243
Selenium,checkbox,0.30081260119049497
Selenium,drag & drop,0.48295395238085276
Selenium,drag & drop,0.5208735357140397
Selenium,drag & drop,0.5273581190476649
Selenium,drag & drop,0.48783020238085334
Selenium,drag & drop,0.4796743690477746
Selenium,drag & drop,0.5008356190478974
Selenium,drag & drop,0.4927102023812109
Selenium,drag & drop,0.4976156190477295
Selenium,drag & drop,0.5214172857143582
Selenium,drag & drop,0.5138727023808779
Selenium,drag & drop,0.528454369047338
Selenium,drag & drop,0.5187060357140711
Selenium,drag & drop,0.5246643690476968
Selenium,drag & drop,0.49596645238089976
Selenium,drag & drop,0.5127793690475007
Selenium,drag & drop,0.5289968690476972
Selenium,drag & drop,0.5105714523807282
Selenium,drag & drop,0.5295389523810212
Selenium,drag & drop,0.5241685357141926
Selenium,drag & drop,0.5067972857142535
Selenium,drag & drop,0.521416452381043
Selenium,drag & drop,0.5294839523811222
Selenium,drag & drop,0.48890686904756964
Selenium,drag & drop,0.49266103571434017
Selenium,drag & drop,0.5214152023810442
Selenium,drag & drop,0.5317210357143185
Selenium,drag & drop,0.47104311904755464
Selenium,drag & drop,0.5203289523806879
Selenium,drag & drop,0.5062835357141748
Selenium,drag & drop,0.485669369047577
Selenium,drag & drop,0.492168535714258
Selenium,drag & drop,0.5105268690473783
Selenium,drag & drop,0.48133020238086616
Selenium,drag & drop,0.48133061904754654
Selenium,drag & drop,0.4824160357142116
Selenium,"input text, no backspaces",0.3935418690476377
Selenium,"input text, no backspaces",0.4157835357144853
Selenium,"input text, no backspaces",0.4016627023809824
Selenium,"input text, no backspaces",0.38871353571416056
Selenium,"input text, no backspaces",0.3930389523811431
Selenium,"input text, no backspaces",0.38983353571428864
Selenium,"input text, no backspaces",0.3827081190476362
Selenium,"input text, no backspaces",0.37245728571448816
Selenium,"input text, no backspaces",0.40283020238099276
Selenium,"input text, no backspaces",0.41958561904779734
Selenium,"input text, no backspaces",0.39795436904769393
Selenium,"input text, no backspaces",0.4087510357145168
Selenium,"input text, no backspaces",0.3924477023809482
Selenium,"input text, no backspaces",0.4070631190476321
Selenium,"input text, no backspaces",0.4255435357141393
Selenium,"input text, no backspaces",0.40499811904769645
Selenium,"input text, no backspaces",0.4044143690478064
Selenium,"input text, no backspaces",0.4022506190478371
Selenium,"input text, no backspaces",0.41632936904780243
Selenium,"input text, no backspaces",0.39792520238081813
Selenium,"input text, no backspaces",0.39845811904753137
Selenium,"input text, no backspaces",0.39624103571432684
Selenium,"input text, no backspaces",0.40874770238115854
Selenium,"input text, no backspaces",0.39737311904748296
Selenium,"input text, no backspaces",0.42711561904767914
Selenium,"input text, no backspaces",0.38874686904766736
Selenium,"input text, no backspaces",0.3827477023811549
Selenium,"input text, no backspaces",0.3751652023811593
Selenium,"input text, no backspaces",0.40712686904745554
Selenium,"input text, no backspaces",0.38816436904782764
Selenium,"input text, no backspaces",0.40120811904759734
Selenium,"input text, no backspaces",0.4076518690477718
Selenium,"input text, no backspaces",0.4196289523810364
Selenium,"input text, no backspaces",0.4044147857145201
Selenium,"input text, no backspaces",0.4168718690478523
Selenium,"input text, with backspace, no clear",0.6167110357143527
Selenium,"input text, with backspace, no clear",0.6113443690475721
Selenium,"input text, with backspace, no clear",0.5886243690477637
Selenium,"input text, with backspace, no clear",0.6031939523808594
Selenium,"input text, with backspace, no clear",0.616717285714392
Selenium,"input text, with backspace, no clear",0.6275122857143478
Selenium,"input text, with backspace, no clear",0.6195102023810956
Selenium,"input text, with backspace, no clear",0.6081222857144054
Selenium,"input text, with backspace, no clear",0.6513572857142399
Selenium,"input text, with backspace, no clear",0.6173372857144183
Selenium,"input text, with backspace, no clear",0.6215727023807305
Selenium,"input text, with backspace, no clear",0.5891635357143795
Selenium,"input text, with backspace, no clear",0.6579160357143617
Selenium,"input text, with backspace, no clear",0.6313756190475799
Selenium,"input text, with backspace, no clear",0.6395052023809158
Selenium,"input text, with backspace, no clear",0.6194002023810672
Selenium,"input text, with backspace, no clear",0.6096527023810518
Selenium,"input text, with backspace, no clear",0.5787877023810332
Selenium,"input text, with backspace, no clear",0.6541677023811138
Selenium,"input text, with backspace, no clear",0.625467702381124
Selenium,"input text, with backspace, no clear",0.5799202023808941
Selenium,"input text, with backspace, no clear",0.6123631190477478
Selenium,"input text, with backspace, no clear",0.6860764523809737
Selenium,"input text, with backspace, no clear",0.5804556190475775
Selenium,"input text, with backspace, no clear",0.6194677023813264
Selenium,"input text, with backspace, no clear",0.6107968690475848
Selenium,"input text, with backspace, no clear",0.6513710357141866
Selenium,"input text, with backspace, no clear",0.6090985357143875
Selenium,"input text, with backspace, no clear",0.6194118690473936
Selenium,"input text, with backspace, no clear",0.6644572857141984
Selenium,"input text, with backspace, no clear",0.59292186904756
Selenium,"input text, with backspace, no clear",0.6492589523807156
Selenium,"input text, with backspace, no clear",0.5972535357142814
Selenium,"input text, with backspace, no clear",0.5842072857143689
Selenium,"input text, with backspace, no clear",0.611850619047513
Selenium,input text,0.6714581190476725
Selenium,input text,0.665004785714222
Selenium,input text,0.6774018690476935
Selenium,input text,0.6682514523811649
Selenium,input text,0.6124060357144975
Selenium,input text,0.6530402023809749
Selenium,input text,0.6654885357139763
Selenium,input text,0.6736114523810564
Selenium,input text,0.6958281190474047
Selenium,input text,0.6812072857143668
Selenium,input text,0.6492302023809808
Selenium,input text,0.607530619047491
Selenium,input text,0.6931168690476815
Selenium,input text,0.6882614523810154
Selenium,input text,0.6839727023808072
Selenium,input text,0.6677039523811689
Selenium,input text,0.64221311904769
Selenium,input text,0.6752464523810258
Selenium,input text,0.6639122857141874
Selenium,input text,0.6367993690477224
Selenium,input text,0.6574106190475543
Selenium,input text,0.6352052023808248
Selenium,input text,0.6503739523811609
Selenium,input text,0.6682172857143701
Selenium,input text,0.7039614523810641
Selenium,input text,0.6785014523809886
Selenium,input text,0.6232039523811495
Selenium,input text,0.6942006190476856
Selenium,input text,0.6649135357141686
Selenium,input text,0.6931277023810141
Selenium,input text,0.6454489523807033
Selenium,input text,0.645972285714322
Selenium,input text,0.6817435357140168
Selenium,input text,0.6491872857141342
Selenium,input text,0.6184131190478374
Selenium,scroll,0.14392145238099535
Selenium,scroll,0.1373727023808512
Selenium,scroll,0.13574770238082626
Selenium,scroll,0.13683103571415897
Selenium,scroll,0.1303322857144706
Selenium,scroll,0.14012561904763754
Selenium,scroll,0.13416520238099197
Selenium,scroll,0.1574214523811597
Selenium,scroll,0.14978061904764908
Selenium,scroll,0.14441436904747598
Selenium,scroll,0.1395393690478258
Selenium,scroll,0.1373781190474719
Selenium,scroll,0.14012895238096246
Selenium,scroll,0.1450043690476841
Selenium,scroll,0.13795728571428387
Selenium,scroll,0.13304478571415007
Selenium,scroll,0.13623978571429163
Selenium,scroll,0.14437186904793115
Selenium,scroll,0.14923811904727782
Selenium,scroll,0.14608186904764894
Selenium,scroll,0.143379369046968
Selenium,scroll,0.13624561904729576
Selenium,scroll,0.16446770238074737
Selenium,scroll,0.1336285357136824
Selenium,scroll,0.13683103571421665
Selenium,scroll,0.13191228571396485
Selenium,scroll,0.1357972857136892
Selenium,scroll,0.135196452380861
Selenium,scroll,0.1390460357143222
Selenium,scroll,0.1427410357146627
Selenium,scroll,0.14008353571481552
Selenium,scroll,0.13579020238096529
Selenium,scroll,0.13954520238076018
Selenium,scroll,0.13791728571480627
Selenium,scroll,0.14225270238085397
